{"stats":{"minecraft:mined":{"minecraft:dark_oak_planks":11,"dynamictrees:dark_oak_leaves":3,"minecraft:cobweb":3,"minecraft:oak_leaves":2,"immersive_weathering:dynamictrees/dark_oak_leaf_pile":1},"minecraft:used":{"minecraft:dark_oak_planks":9,"minecraft:iron_axe":12,"minecraft:bread":3,"minecraft:iron_sword":3},"minecraft:picked_up":{"minecraft:dark_oak_planks":11,"minecraft:stick":2,"minecraft:string":2},"minecraft:custom":{"minecraft:time_since_rest":10693,"minecraft:sprint_one_cm":2398,"minecraft:crouch_one_cm":35,"lootr:looted_stat":4,"minecraft:play_time":10693,"minecraft:damage_taken":250,"minecraft:walk_one_cm":17915,"minecraft:sneak_time":4,"minecraft:jump":36,"minecraft:leave_game":2,"minecraft:time_since_death":10693,"minecraft:total_world_time":10693,"minecraft:fall_one_cm":1045,"minecraft:fly_one_cm":6160}},"DataVersion":2975}