{"stats":{"minecraft:picked_up":{"minecraft:dark_oak_planks":9,"apocalypsenow:human_flesh":1},"minecraft:custom":{"minecraft:time_since_rest":27013,"minecraft:sprint_one_cm":97,"minecraft:crouch_one_cm":138,"lootr:looted_stat":2,"minecraft:play_time":27013,"minecraft:damage_taken":429,"minecraft:walk_one_cm":24551,"minecraft:sneak_time":24,"minecraft:mob_kills":2,"minecraft:jump":34,"minecraft:damage_dealt":378,"minecraft:leave_game":2,"minecraft:time_since_death":27013,"minecraft:total_world_time":27013,"minecraft:fall_one_cm":956,"minecraft:fly_one_cm":147},"minecraft:mined":{"minecraft:dark_oak_planks":9,"minecraft:oak_leaves":2},"minecraft:killed":{"apocalypsenow:looter_1":1},"minecraft:used":{"minecraft:flower_pot":1,"minecraft:dark_oak_planks":9,"minecraft:torch":1,"minecraft:bread":5,"alexsmobs:animal_dictionary":1,"apocalypsenow:podao":1,"minecraft:iron_sword":8}},"DataVersion":2975}