{"stats":{"minecraft:crafted":{"minecraft:dark_oak_planks":80,"minecraft:stone_axe":1},"minecraft:custom":{"minecraft:time_since_rest":4217,"lootr:looted_stat":7,"minecraft:sprint_one_cm":59508,"minecraft:damage_taken":3080,"minecraft:walk_one_cm":134706,"minecraft:mob_kills":19,"minecraft:drop":5,"minecraft:damage_dealt":4571,"minecraft:talked_to_villager":1,"minecraft:interact_with_crafting_table":1,"minecraft:player_kills":1,"minecraft:swim_one_cm":3918,"minecraft:fly_one_cm":173195,"minecraft:open_barrel":2,"minecraft:crouch_one_cm":535,"minecraft:play_time":60911,"tombstone:undead_killed":13,"minecraft:deaths":8,"minecraft:sneak_time":186,"minecraft:walk_under_water_one_cm":1600,"minecraft:jump":638,"minecraft:leave_game":4,"minecraft:time_since_death":4185,"minecraft:walk_on_water_one_cm":5989,"minecraft:total_world_time":60911,"minecraft:climb_one_cm":3110,"minecraft:fall_one_cm":7979},"minecraft:dropped":{"rocks:cobblestone_splitter":2,"tac:mk23":3},"minecraft:killed_by":{"mutationcraft:assimilated_human":1,"undead_revamp2:thehunter":1,"minecraft:player":1,"zombiemobs:zombie_ocelot":1,"mutationcraft:assimilated_enderman":1,"minecraft:creeper":1,"mutationcraft:assimilated_bear":2},"minecraft:used":{"minecraft:flower_pot":1,"minecraft:dark_oak_planks":11,"apocalypsenow:baseball_bat":5,"minecraft:bread":17,"minecraft:spruce_planks":3,"minecraft:iron_sword":94,"minecraft:stone_axe":4,"minecraft:torch":6,"alexsmobs:animal_dictionary":1,"tombstone:gift":1,"apocalypsenow:podao":1},"minecraft:picked_up":{"tac:mk23":2,"minecraft:stick":29,"minecraft:birch_door":1,"minecraft:feather":2,"mutationcraft:putrid_claw":4,"minecraft:blue_bed":1,"undead_revamp2:huntereye":1,"minecraft:dark_oak_log":20,"minecraft:dirt":2,"minecraft:string":1,"minecraft:dark_oak_planks":13,"minecraft:rotten_flesh":5,"dynamictrees:dark_oak_seed":6,"apocalypsenow:human_flesh":2,"minecraft:spruce_planks":3,"minecraft:iron_ingot":1,"minecraft:sugar_cane":3,"rocks:cobblestone_splitter":2,"minecraft:cobblestone":3,"minecraft:egg":2},"minecraft:killed":{"undead_revamp2:thehunter":1,"apocalypsenow:walker_15":1,"apocalypsenow:runner_41":1,"apocalypsenow:looter_1":2,"apocalypsenow:runner_45":1,"apocalypsenow:runner_49":1,"mutationcraft:human_stage_3":1,"mutationcraft:assimilated_roamer":1,"apocalypsenow:runner_50":2,"apocalypsenow:runner_54":3,"apocalypsenow:runner_35":2,"zombiemobs:zombie_bear":1},"minecraft:mined":{"minecraft:dark_oak_planks":14,"minecraft:spruce_planks":3,"rocks:dark_oak_stick":3,"immersive_weathering:humus":2,"dynamictrees:dark_oak_root":2,"immersive_weathering:dynamictrees/dark_oak_leaf_pile":2,"minecraft:sugar_cane":1,"rocks:rock":2,"minecraft:oak_leaves":2,"minecraft:blue_bed":1}},"DataVersion":2975}