{"stats":{"minecraft:used":{"minecraft:flower_pot":1,"minecraft:dark_oak_planks":11,"minecraft:torch":1,"minecraft:bread":7,"alexsmobs:animal_dictionary":1,"apocalypsenow:podao":1,"minecraft:iron_sword":17},"minecraft:killed":{"undead_revamp2:thehunter":1,"apocalypsenow:runner_54":1,"apocalypsenow:looter_1":1},"minecraft:killed_by":{"undead_revamp2:thehunter":1},"minecraft:custom":{"minecraft:time_since_rest":0,"tombstone:undead_killed":2,"minecraft:sprint_one_cm":97,"minecraft:crouch_one_cm":138,"lootr:looted_stat":2,"minecraft:play_time":30784,"minecraft:damage_taken":684,"minecraft:walk_one_cm":31199,"minecraft:sneak_time":24,"minecraft:mob_kills":4,"minecraft:jump":38,"minecraft:damage_dealt":766,"minecraft:leave_game":3,"minecraft:time_since_death":0,"minecraft:total_world_time":30784,"minecraft:fall_one_cm":956,"minecraft:fly_one_cm":407,"minecraft:deaths":1},"minecraft:picked_up":{"minecraft:dark_oak_planks":13,"apocalypsenow:human_flesh":1},"minecraft:mined":{"minecraft:dark_oak_planks":13,"minecraft:oak_leaves":2}},"DataVersion":2975}