{"stats":{"minecraft:custom":{"minecraft:time_since_rest":5046,"lootr:looted_stat":4,"minecraft:sprint_one_cm":8159,"minecraft:walk_one_cm":50120,"minecraft:damage_taken":1159,"minecraft:mob_kills":6,"minecraft:drop":1,"minecraft:damage_dealt":1299,"minecraft:swim_one_cm":3213,"minecraft:fly_one_cm":24610,"minecraft:open_barrel":2,"minecraft:crouch_one_cm":319,"minecraft:play_time":37639,"tombstone:undead_killed":2,"minecraft:deaths":3,"minecraft:sneak_time":88,"minecraft:walk_under_water_one_cm":1078,"minecraft:jump":128,"minecraft:leave_game":3,"minecraft:time_since_death":5026,"minecraft:walk_on_water_one_cm":2196,"minecraft:total_world_time":37639,"minecraft:fall_one_cm":3232},"minecraft:dropped":{"tac:mk23":1},"minecraft:used":{"minecraft:dark_oak_planks":11,"minecraft:flower_pot":1,"minecraft:bread":7,"minecraft:spruce_planks":3,"minecraft:iron_sword":31,"minecraft:torch":1,"tombstone:gift":1,"alexsmobs:animal_dictionary":1,"apocalypsenow:podao":1},"minecraft:killed_by":{"undead_revamp2:thehunter":1,"mutationcraft:assimilated_enderman":1,"mutationcraft:assimilated_bear":1},"minecraft:picked_up":{"tac:mk23":1,"mutationcraft:putrid_claw":1,"undead_revamp2:huntereye":1,"minecraft:dark_oak_planks":13,"apocalypsenow:human_flesh":1,"minecraft:spruce_planks":3},"minecraft:killed":{"undead_revamp2:thehunter":1,"apocalypsenow:looter_1":1,"mutationcraft:assimilated_roamer":1,"apocalypsenow:runner_54":1},"minecraft:mined":{"minecraft:dark_oak_planks":14,"minecraft:spruce_planks":3,"minecraft:oak_leaves":2}},"DataVersion":2975}