{"stats":{"minecraft:crafted":{"minecraft:stone_axe":1},"minecraft:custom":{"minecraft:time_since_rest":9809,"lootr:looted_stat":4,"minecraft:sprint_one_cm":23805,"minecraft:walk_one_cm":107923,"minecraft:damage_taken":1907,"minecraft:mob_kills":11,"minecraft:drop":5,"minecraft:damage_dealt":3071,"minecraft:interact_with_crafting_table":1,"minecraft:swim_one_cm":3918,"minecraft:fly_one_cm":59090,"minecraft:open_barrel":2,"minecraft:crouch_one_cm":535,"minecraft:play_time":49639,"tombstone:undead_killed":6,"minecraft:deaths":4,"minecraft:sneak_time":184,"minecraft:walk_under_water_one_cm":1600,"minecraft:jump":287,"minecraft:leave_game":3,"minecraft:time_since_death":9779,"minecraft:walk_on_water_one_cm":5466,"minecraft:total_world_time":49639,"minecraft:fall_one_cm":3859},"minecraft:dropped":{"rocks:cobblestone_splitter":2,"tac:mk23":3},"minecraft:used":{"minecraft:dark_oak_planks":11,"minecraft:flower_pot":1,"apocalypsenow:baseball_bat":5,"minecraft:bread":17,"minecraft:spruce_planks":3,"minecraft:iron_sword":63,"minecraft:stone_axe":4,"minecraft:torch":2,"tombstone:gift":1,"alexsmobs:animal_dictionary":1,"apocalypsenow:podao":1},"minecraft:killed_by":{"mutationcraft:assimilated_human":1,"undead_revamp2:thehunter":1,"mutationcraft:assimilated_enderman":1,"mutationcraft:assimilated_bear":1},"minecraft:picked_up":{"minecraft:feather":2,"tac:mk23":2,"minecraft:stick":29,"minecraft:birch_door":1,"mutationcraft:putrid_claw":4,"undead_revamp2:huntereye":1,"minecraft:dark_oak_log":20,"minecraft:string":1,"minecraft:dark_oak_planks":13,"minecraft:rotten_flesh":3,"dynamictrees:dark_oak_seed":6,"apocalypsenow:human_flesh":2,"minecraft:spruce_planks":3,"minecraft:iron_ingot":1,"minecraft:sugar_cane":3,"rocks:cobblestone_splitter":2,"minecraft:cobblestone":3},"minecraft:killed":{"undead_revamp2:thehunter":1,"apocalypsenow:walker_15":1,"apocalypsenow:runner_41":1,"apocalypsenow:looter_1":2,"apocalypsenow:runner_49":1,"mutationcraft:human_stage_3":1,"mutationcraft:assimilated_roamer":1,"apocalypsenow:runner_54":2},"minecraft:mined":{"minecraft:dark_oak_planks":14,"minecraft:spruce_planks":3,"rocks:dark_oak_stick":3,"dynamictrees:dark_oak_root":2,"immersive_weathering:dynamictrees/dark_oak_leaf_pile":1,"minecraft:sugar_cane":1,"rocks:rock":2,"minecraft:oak_leaves":2}},"DataVersion":2975}