{"stats":{"minecraft:crafted":{"minecraft:crafting_table":1,"minecraft:stick":4,"minecraft:wooden_pickaxe":1,"minecraft:stone_pickaxe":1,"minecraft:stone_axe":1},"minecraft:custom":{"minecraft:time_since_rest":4929,"lootr:looted_stat":5,"minecraft:sprint_one_cm":104521,"minecraft:damage_taken":2500,"minecraft:walk_one_cm":60955,"minecraft:mob_kills":13,"minecraft:drop":6,"minecraft:damage_dealt":2027,"minecraft:interact_with_crafting_table":5,"minecraft:swim_one_cm":19196,"minecraft:fly_one_cm":210486,"minecraft:open_barrel":2,"minecraft:crouch_one_cm":813,"minecraft:deaths":7,"minecraft:play_time":31054,"tombstone:undead_killed":7,"minecraft:sneak_time":322,"minecraft:walk_under_water_one_cm":5671,"minecraft:jump":673,"minecraft:walk_on_water_one_cm":13663,"minecraft:time_since_death":4902,"minecraft:climb_one_cm":1849,"minecraft:total_world_time":31054,"minecraft:fall_one_cm":11613},"minecraft:dropped":{"minecraft:birch_door":1,"minecraft:cobblestone":3,"apocalypsenow:trash":1,"tac:mk23":1,"minecraft:brick":1,"minecraft:egg":1},"minecraft:killed_by":{"mutationcraft:assimilated_human":1,"mutationcraft:assimilated_horse":1,"mutationcraft:assimilated_fox":1,"mutationcraft:parasitic_roller":1,"zombiemobs:zombie_ocelot":1,"mutationcraft:assimilated_enderman":2},"minecraft:used":{"apocalypsenow:matches":5,"minecraft:bread":8,"minecraft:spruce_planks":2,"minecraft:wooden_pickaxe":21,"minecraft:iron_sword":44,"apocalypsenow:trash":6,"minecraft:stone_axe":7,"minecraft:crafting_table":1},"minecraft:picked_up":{"tac:mk23":2,"minecraft:stick":10,"minecraft:birch_door":1,"minecraft:smoker":1,"mutationcraft:putrid_claw":2,"minecraft:brick":1,"tombstone:grave_dust":2,"minecraft:dark_oak_log":26,"minecraft:blue_bed":1,"minecraft:quartz_block":1,"minecraft:rotten_flesh":6,"minecraft:polished_diorite":6,"dynamictrees:dark_oak_seed":4,"apocalypsenow:human_flesh":1,"minecraft:spruce_planks":11,"minecraft:yellow_terracotta":1,"mutationcraft:putrid_heart":1,"minecraft:cobblestone":10,"minecraft:egg":1},"minecraft:killed":{"apocalypsenow:walker_16":1,"mutationcraft:assimilated_human":1,"apocalypsenow:walker_19":1,"apocalypsenow:runner_49":1,"apocalypsenow:runner_37":1,"zombiemobs:zombie_chicken":1,"apocalypsenow:runner_36":1,"mutationcraft:assimilated_roamer":3,"apocalypsenow:soldiers":1,"apocalypsenow:runner_34":1,"apocalypsenow:runner_55":1,"mutationcraft:developed_roamer":1},"minecraft:mined":{"minecraft:yellow_terracotta":1,"minecraft:spruce_planks":11,"minecraft:quartz_block":1,"minecraft:smoker":1,"rocks:dark_oak_stick":1,"dynamictrees:dark_oak_root":1,"immersive_weathering:dynamictrees/dark_oak_leaf_pile":1,"minecraft:grass":2,"minecraft:polished_diorite":6,"minecraft:stone":10,"minecraft:blue_bed":1}},"DataVersion":2975}