{"stats":{"minecraft:crafted":{"minecraft:crafting_table":1,"minecraft:stick":4,"minecraft:wooden_pickaxe":1,"minecraft:stone_axe":1},"minecraft:custom":{"minecraft:time_since_rest":9829,"lootr:looted_stat":2,"minecraft:sprint_one_cm":44781,"minecraft:damage_taken":1760,"minecraft:walk_one_cm":42084,"minecraft:mob_kills":12,"minecraft:drop":4,"minecraft:damage_dealt":1957,"minecraft:interact_with_crafting_table":4,"minecraft:swim_one_cm":19196,"minecraft:fly_one_cm":60552,"minecraft:open_barrel":2,"minecraft:crouch_one_cm":571,"minecraft:deaths":3,"minecraft:play_time":19054,"tombstone:undead_killed":6,"minecraft:sneak_time":226,"minecraft:walk_under_water_one_cm":5671,"minecraft:jump":266,"minecraft:walk_on_water_one_cm":13663,"minecraft:time_since_death":9802,"minecraft:total_world_time":19054,"minecraft:fall_one_cm":4691},"minecraft:dropped":{"minecraft:birch_door":1,"minecraft:cobblestone":3,"apocalypsenow:trash":1,"tac:mk23":1},"minecraft:used":{"minecraft:bread":8,"minecraft:spruce_planks":2,"minecraft:wooden_pickaxe":14,"minecraft:iron_sword":42,"apocalypsenow:trash":6,"minecraft:stone_axe":7,"minecraft:crafting_table":1},"minecraft:killed_by":{"mutationcraft:assimilated_human":1,"mutationcraft:assimilated_enderman":2},"minecraft:picked_up":{"tac:mk23":2,"minecraft:stick":10,"minecraft:birch_door":1,"mutationcraft:putrid_claw":2,"tombstone:grave_dust":2,"minecraft:dark_oak_log":26,"minecraft:quartz_block":1,"minecraft:rotten_flesh":6,"dynamictrees:dark_oak_seed":4,"apocalypsenow:human_flesh":1,"minecraft:spruce_planks":11,"minecraft:yellow_terracotta":1,"mutationcraft:putrid_heart":1,"minecraft:cobblestone":10},"minecraft:killed":{"apocalypsenow:walker_16":1,"mutationcraft:assimilated_human":1,"apocalypsenow:walker_19":1,"apocalypsenow:runner_49":1,"apocalypsenow:runner_37":1,"zombiemobs:zombie_chicken":1,"apocalypsenow:runner_36":1,"mutationcraft:assimilated_roamer":3,"apocalypsenow:soldiers":1,"apocalypsenow:runner_55":1,"mutationcraft:developed_roamer":1},"minecraft:mined":{"minecraft:yellow_terracotta":1,"minecraft:spruce_planks":11,"minecraft:quartz_block":1,"rocks:dark_oak_stick":1,"dynamictrees:dark_oak_root":1,"minecraft:grass":1,"minecraft:stone":10}},"DataVersion":2975}