{"stats":{"minecraft:custom":{"minecraft:open_barrel":2,"minecraft:crouch_one_cm":42,"minecraft:time_since_rest":3838,"tombstone:undead_killed":3,"minecraft:walk_one_cm":9878,"minecraft:play_time":7054,"lootr:looted_stat":1,"minecraft:sprint_one_cm":15912,"minecraft:damage_taken":865,"minecraft:deaths":2,"minecraft:sneak_time":93,"minecraft:walk_under_water_one_cm":5671,"minecraft:mob_kills":3,"minecraft:jump":124,"minecraft:damage_dealt":855,"minecraft:time_since_death":3792,"minecraft:walk_on_water_one_cm":10104,"minecraft:total_world_time":7054,"minecraft:swim_one_cm":19196,"minecraft:fall_one_cm":2893,"minecraft:fly_one_cm":34166},"minecraft:used":{"minecraft:bread":1,"minecraft:iron_sword":24},"minecraft:killed_by":{"mutationcraft:assimilated_enderman":2},"minecraft:picked_up":{"minecraft:rotten_flesh":3,"mutationcraft:putrid_claw":1,"mutationcraft:putrid_heart":1},"minecraft:mined":{"minecraft:grass":1},"minecraft:killed":{"apocalypsenow:runner_37":1,"apocalypsenow:runner_36":1,"apocalypsenow:runner_55":1,"mutationcraft:developed_roamer":1}},"DataVersion":2975}