{"stats":{"minecraft:custom":{"minecraft:time_since_rest":264,"minecraft:sprint_one_cm":13099,"minecraft:crouch_one_cm":1825,"lootr:looted_stat":2,"minecraft:play_time":26546,"minecraft:deaths":8,"minecraft:damage_taken":2217,"minecraft:walk_one_cm":62515,"minecraft:sneak_time":1215,"minecraft:walk_under_water_one_cm":2403,"minecraft:jump":175,"minecraft:damage_dealt":144,"minecraft:leave_game":1,"minecraft:walk_on_water_one_cm":1286,"minecraft:time_since_death":236,"minecraft:total_world_time":26546,"minecraft:fall_one_cm":1732,"minecraft:fly_one_cm":23763},"minecraft:used":{"minecraft:dark_oak_planks":2,"apocalypsenow:saw":2,"minecraft:iron_sword":2},"minecraft:killed_by":{"mutationcraft:assimilated_pig":1,"mutationcraft:assimilated_enderman":3,"mutationcraft:assimilated_horse":2,"mutationcraft:necroptor":1,"mutationcraft:assimilated_donkey":1},"minecraft:picked_up":{"minecraft:dark_oak_planks":6,"dynamictrees:dark_oak_seed":1,"apocalypsenow:human_flesh":2,"minecraft:string":1},"minecraft:killed":{"apocalypsenow:looter_1":1},"minecraft:mined":{"minecraft:dark_oak_planks":5,"minecraft:cobweb":1}},"DataVersion":2975}