{"stats":{"minecraft:custom":{"minecraft:time_since_rest":8821,"minecraft:sprint_one_cm":33498,"lootr:looted_stat":4,"minecraft:damage_taken":3148,"minecraft:walk_one_cm":88126,"minecraft:mob_kills":6,"minecraft:damage_dealt":828,"minecraft:swim_one_cm":2644,"minecraft:interact_with_crafting_table":2,"minecraft:fly_one_cm":54274,"minecraft:crouch_one_cm":1825,"minecraft:play_time":36087,"tombstone:undead_killed":3,"minecraft:deaths":9,"minecraft:sneak_time":1236,"minecraft:walk_under_water_one_cm":3815,"minecraft:jump":341,"minecraft:leave_game":2,"minecraft:walk_on_water_one_cm":2689,"minecraft:time_since_death":8793,"minecraft:total_world_time":36087,"minecraft:fall_one_cm":5203},"minecraft:used":{"minecraft:dark_oak_planks":2,"apocalypsenow:saw":11,"apocalypsenow:tactical_sword":2,"minecraft:bread":7,"minecraft:iron_sword":8},"minecraft:killed_by":{"mutationcraft:assimilated_horse":2,"mutationcraft:assimilated_pig":1,"mutationcraft:assimilated_donkey":1,"mutationcraft:assimilated_enderman":3,"mutationcraft:necroptor":1,"minecraft:spider":1},"minecraft:picked_up":{"minecraft:birch_log":8,"minecraft:stick":11,"minecraft:string":3,"minecraft:dark_oak_planks":6,"minecraft:rotten_flesh":3,"apocalypsenow:human_flesh":2,"dynamictrees:dark_oak_seed":4,"dynamictrees:birch_seed":8},"minecraft:killed":{"mutationcraft:necroptor":1,"apocalypsenow:looter_1":1,"apocalypsenow:runner_45":2,"minecraft:spider":1,"apocalypsenow:runner_35":1},"minecraft:mined":{"minecraft:dark_oak_planks":5,"dynamictrees:dark_oak_root":1,"immersive_weathering:dynamictrees/dark_oak_leaf_pile":1,"minecraft:cobweb":1}},"DataVersion":2975}