{"stats":{"minecraft:custom":{"minecraft:time_since_rest":4904,"minecraft:sprint_one_cm":68407,"lootr:looted_stat":7,"minecraft:damage_taken":3904,"minecraft:walk_one_cm":121352,"minecraft:mob_kills":9,"minecraft:damage_dealt":1214,"minecraft:talked_to_villager":1,"minecraft:swim_one_cm":2644,"minecraft:interact_with_crafting_table":3,"minecraft:player_kills":1,"minecraft:fly_one_cm":144487,"minecraft:crouch_one_cm":2299,"minecraft:play_time":48087,"tombstone:undead_killed":5,"minecraft:deaths":13,"minecraft:sneak_time":1510,"minecraft:walk_under_water_one_cm":3815,"minecraft:jump":664,"minecraft:leave_game":2,"minecraft:walk_on_water_one_cm":2981,"minecraft:time_since_death":4891,"minecraft:climb_one_cm":1092,"minecraft:total_world_time":48087,"minecraft:fall_one_cm":9125},"minecraft:used":{"minecraft:dark_oak_planks":2,"apocalypsenow:saw":11,"apocalypsenow:tactical_sword":9,"minecraft:bread":7,"carryon:entity_item":4,"minecraft:iron_sword":10,"apocalypsenow:table_knife":1,"apocalypsenow:red_football_armor_helmet":1},"minecraft:killed_by":{"mutationcraft:assimilated_horse":2,"mutationcraft:assimilated_pig":1,"minecraft:player":1,"mutationcraft:parasitic_roller":1,"mutationcraft:assimilated_donkey":1,"mutationcraft:assimilated_enderman":3,"mutationcraft:necroptor":1,"minecraft:spider":1,"mutationcraft:assimilated_bear":1,"mutationcraft:assimilated_sheep":1},"minecraft:picked_up":{"minecraft:birch_log":8,"minecraft:stick":11,"minecraft:dirt":1,"minecraft:string":5,"minecraft:dark_oak_planks":6,"minecraft:bone":1,"minecraft:arrow":1,"minecraft:rotten_flesh":4,"apocalypsenow:human_flesh":2,"dynamictrees:dark_oak_seed":4,"dynamictrees:birch_seed":8},"minecraft:killed":{"mutationcraft:necroptor":2,"apocalypsenow:runner_42":1,"apocalypsenow:runner_41":1,"apocalypsenow:looter_1":1,"apocalypsenow:runner_45":2,"minecraft:spider":2,"apocalypsenow:runner_35":1},"minecraft:mined":{"minecraft:dark_oak_planks":5,"dynamictrees:dark_oak_root":1,"immersive_weathering:dynamictrees/dark_oak_leaf_pile":1,"minecraft:grass_block":1,"minecraft:cobweb":1}},"DataVersion":2975}