{"stats":{"minecraft:picked_up":{"minecraft:dark_oak_planks":2,"apocalypsenow:human_flesh":2,"dynamictrees:dark_oak_seed":1,"minecraft:string":1},"minecraft:custom":{"minecraft:time_since_rest":20232,"minecraft:play_time":20232,"minecraft:crouch_one_cm":1677,"minecraft:sprint_one_cm":4373,"lootr:looted_stat":2,"minecraft:walk_one_cm":43507,"minecraft:sneak_time":1162,"minecraft:walk_under_water_one_cm":2403,"minecraft:jump":71,"minecraft:damage_dealt":22,"minecraft:leave_game":1,"minecraft:time_since_death":20232,"minecraft:walk_on_water_one_cm":1286,"minecraft:total_world_time":20232,"minecraft:fall_one_cm":1523,"minecraft:fly_one_cm":4634},"minecraft:mined":{"minecraft:dark_oak_planks":2,"minecraft:cobweb":1},"minecraft:killed":{"apocalypsenow:looter_1":1},"minecraft:used":{"minecraft:dark_oak_planks":2,"apocalypsenow:saw":2,"minecraft:iron_sword":2}},"DataVersion":2975}