{
  "farmersdelight:main/root": {
    "criteria": {
      "seeds": "2024-11-20 03:34:31 +0000"
    },
    "done": true
  },
  "pfm:grant_book_on_first_join": {
    "criteria": {
      "tick": "2024-11-20 03:34:31 +0000"
    },
    "done": true
  },
  "create:root": {
    "criteria": {
      "0": "2024-11-20 03:34:31 +0000"
    },
    "done": true
  },
  "naturescompass:natures_compass_log": {
    "criteria": {
      "has_recipe": "2024-11-20 03:34:31 +0000"
    },
    "done": true
  },
  "lootr:root": {
    "criteria": {
      "always_true": "2024-11-20 03:34:31 +0000"
    },
    "done": true
  },
  "tombstone:adventure/root": {
    "criteria": {
      "auto": "2024-11-20 03:34:31 +0000"
    },
    "done": true
  },
  "undead_revamp2:theundeadchallenges": {
    "criteria": {
      "theundeadchallenges": "2024-11-20 03:34:31 +0000"
    },
    "done": true
  },
  "naturescompass:natures_compass_sapling": {
    "criteria": {
      "has_recipe": "2024-11-20 03:34:31 +0000"
    },
    "done": true
  },
  "minecraft:adventure/adventuring_time": {
    "criteria": {
      "minecraft:dark_forest": "2024-11-20 03:34:31 +0000",
      "minecraft:river": "2024-11-20 03:35:23 +0000"
    },
    "done": false
  },
  "naturescompass:natures_compass": {
    "criteria": {
      "has_compass": "2024-11-20 03:34:31 +0000"
    },
    "done": true
  },
  "DataVersion": 2975
}