{
  "lootr:social": {
    "criteria": {
      "opened_chest": "2024-11-20 03:02:55 +0000"
    },
    "done": false
  },
  "farmersdelight:main/root": {
    "criteria": {
      "seeds": "2024-11-20 02:58:04 +0000"
    },
    "done": true
  },
  "pfm:grant_book_on_first_join": {
    "criteria": {
      "tick": "2024-11-20 02:58:04 +0000"
    },
    "done": true
  },
  "tombstone:adventure/root": {
    "criteria": {
      "auto": "2024-11-20 02:58:04 +0000"
    },
    "done": true
  },
  "lootr:root": {
    "criteria": {
      "always_true": "2024-11-20 02:58:05 +0000"
    },
    "done": true
  },
  "minecraft:adventure/kill_a_mob": {
    "criteria": {
      "minecraft:blaze": "2024-11-20 03:02:11 +0000",
      "minecraft:pillager": "2024-11-20 03:02:11 +0000",
      "minecraft:skeleton": "2024-11-20 03:02:11 +0000",
      "minecraft:elder_guardian": "2024-11-20 03:02:11 +0000",
      "minecraft:zoglin": "2024-11-20 03:02:11 +0000",
      "minecraft:ravager": "2024-11-20 03:02:11 +0000",
      "minecraft:ghast": "2024-11-20 03:02:11 +0000",
      "minecraft:hoglin": "2024-11-20 03:02:11 +0000",
      "minecraft:guardian": "2024-11-20 03:02:11 +0000",
      "minecraft:vindicator": "2024-11-20 03:02:11 +0000",
      "minecraft:magma_cube": "2024-11-20 03:02:11 +0000",
      "minecraft:piglin_brute": "2024-11-20 03:02:11 +0000",
      "minecraft:spider": "2024-11-20 03:02:11 +0000",
      "minecraft:creeper": "2024-11-20 03:02:11 +0000",
      "minecraft:wither": "2024-11-20 03:02:11 +0000",
      "minecraft:evoker": "2024-11-20 03:02:11 +0000",
      "minecraft:slime": "2024-11-20 03:02:11 +0000",
      "minecraft:phantom": "2024-11-20 03:02:11 +0000",
      "minecraft:zombified_piglin": "2024-11-20 03:02:11 +0000",
      "minecraft:witch": "2024-11-20 03:02:11 +0000",
      "minecraft:wither_skeleton": "2024-11-20 03:02:11 +0000",
      "minecraft:husk": "2024-11-20 03:02:11 +0000",
      "minecraft:ender_dragon": "2024-11-20 03:02:11 +0000",
      "minecraft:shulker": "2024-11-20 03:02:11 +0000",
      "minecraft:cave_spider": "2024-11-20 03:02:11 +0000",
      "minecraft:piglin": "2024-11-20 03:02:11 +0000",
      "minecraft:enderman": "2024-11-20 03:02:11 +0000",
      "minecraft:silverfish": "2024-11-20 03:02:11 +0000",
      "minecraft:stray": "2024-11-20 03:02:11 +0000",
      "minecraft:endermite": "2024-11-20 03:02:11 +0000",
      "minecraft:vex": "2024-11-20 03:02:11 +0000",
      "minecraft:zombie": "2024-11-20 03:02:11 +0000",
      "minecraft:drowned": "2024-11-20 03:02:11 +0000",
      "minecraft:zombie_villager": "2024-11-20 03:02:11 +0000"
    },
    "done": true
  },
  "tombstone:adventure/chain_death": {
    "criteria": {
      "coded_trigger": "2024-11-21 04:08:35 +0000"
    },
    "done": true
  },
  "minecraft:adventure/kill_all_mobs": {
    "criteria": {
      "minecraft:spider": "2024-11-21 04:11:30 +0000"
    },
    "done": false
  },
  "naturescompass:natures_compass": {
    "criteria": {
      "has_compass": "2024-11-20 02:58:04 +0000"
    },
    "done": true
  },
  "pfm:recipes/root": {
    "criteria": {
      "has_planks": "2024-11-20 03:07:11 +0000"
    },
    "done": true
  },
  "mutantmonsters:root": {
    "criteria": {
      "killed_by_something": "2024-11-21 04:07:10 +0000"
    },
    "done": true
  },
  "minecraft:husbandry/balanced_diet": {
    "criteria": {
      "bread": "2024-11-21 04:14:06 +0000"
    },
    "done": false
  },
  "tombstone:recipes/from_grave_key": {
    "criteria": {
      "has_ingredient": "2024-11-21 04:07:11 +0000"
    },
    "done": true
  },
  "undead_revamp2:theundeadchallenges": {
    "criteria": {
      "theundeadchallenges": "2024-11-20 02:58:05 +0000"
    },
    "done": true
  },
  "minecraft:adventure/adventuring_time": {
    "criteria": {
      "minecraft:dark_forest": "2024-11-20 02:58:04 +0000",
      "minecraft:river": "2024-11-20 02:58:43 +0000",
      "minecraft:forest": "2024-11-21 04:13:57 +0000",
      "minecraft:old_growth_birch_forest": "2024-11-21 04:12:09 +0000"
    },
    "done": false
  },
  "create:root": {
    "criteria": {
      "0": "2024-11-20 02:58:04 +0000"
    },
    "done": true
  },
  "minecraft:husbandry/root": {
    "criteria": {
      "consumed_item": "2024-11-21 04:14:06 +0000"
    },
    "done": true
  },
  "naturescompass:natures_compass_log": {
    "criteria": {
      "has_recipe": "2024-11-20 02:58:04 +0000"
    },
    "done": true
  },
  "naturescompass:natures_compass_sapling": {
    "criteria": {
      "has_recipe": "2024-11-20 02:58:04 +0000"
    },
    "done": true
  },
  "tombstone:adventure/first_knowledge": {
    "criteria": {
      "coded_trigger": "2024-11-21 04:08:35 +0000"
    },
    "done": true
  },
  "tombstone:adventure/first_grave": {
    "criteria": {
      "coded_trigger": "2024-11-21 04:07:10 +0000"
    },
    "done": true
  },
  "immersive_weathering:immersive_weathering/dirts": {
    "criteria": {
      "dirt": "2024-11-21 04:31:24 +0000"
    },
    "done": false
  },
  "minecraft:adventure/root": {
    "criteria": {
      "killed_by_something": "2024-11-21 04:07:10 +0000"
    },
    "done": true
  },
  "tombstone:adventure/cancel_ghostly_shape": {
    "criteria": {
      "coded_trigger": "2024-11-21 04:07:43 +0000"
    },
    "done": true
  },
  "lootr:1chest": {
    "criteria": {
      "opened_chest": "2024-11-20 03:02:55 +0000"
    },
    "done": true
  },
  "DataVersion": 2975
}